Species,Antibiotic,Concentration,DMSO,Absorbance,Inhibition,Type
S. pneumoniae,Ampicillin,0.03,1,0.277,10.959,Fixed
S. pneumoniae,Ampicillin,0.06,1,0.228,20.548,Fixed
S. pneumoniae,Ampicillin,0.13,1,0.186,29.452,Fixed
S. pneumoniae,Ampicillin,0.25,1,0.031,58.904,Fixed
S. pneumoniae,Ampicillin,0.5,1,-0.009,97.945,Fixed
S. pneumoniae,Ampicillin,1,1,-0.013,101.37,Fixed
S. pneumoniae,Ampicillin,2,1,-0.018,102.74,Fixed
S. pneumoniae,Ampicillin,4,1,-0.022,102.74,Fixed
S. pneumoniae,Ampicillin,8,1,-0.004,102.74,Fixed
S. pneumoniae,Ampicillin,16,1,-0.028,103.425,Fixed
S. pneumoniae,Ampicillin,0.03,1,0.257,29.605,Fixed
S. pneumoniae,Ampicillin,0.06,1,0.215,32.237,Fixed
S. pneumoniae,Ampicillin,0.13,1,0.182,32.895,Fixed
S. pneumoniae,Ampicillin,0.25,1,0.017,67.763,Fixed
S. pneumoniae,Ampicillin,0.5,1,-0.008,92.105,Fixed
S. pneumoniae,Ampicillin,1,1,-0.013,94.737,Fixed
S. pneumoniae,Ampicillin,2,1,-0.016,93.421,Fixed
S. pneumoniae,Ampicillin,4,1,-0.026,95.066,Fixed
S. pneumoniae,Ampicillin,8,1,-0.025,92.105,Fixed
S. pneumoniae,Ampicillin,16,1,-0.034,92.105,Fixed
S. pneumoniae,Ampicillin,0.03,1,0.292,30.065,Fixed
S. pneumoniae,Ampicillin,0.06,1,0.24,30.719,Fixed
S. pneumoniae,Ampicillin,0.13,1,0.186,26.797,Fixed
S. pneumoniae,Ampicillin,0.25,1,0.044,62.745,Fixed
S. pneumoniae,Ampicillin,0.5,1,-0.008,91.503,Fixed
S. pneumoniae,Ampicillin,1,1,-0.014,91.83,Fixed
S. pneumoniae,Ampicillin,2,1,-0.019,92.81,Fixed
S. pneumoniae,Ampicillin,4,1,-0.021,92.81,Fixed
S. pneumoniae,Ampicillin,8,1,-0.016,93.464,Fixed
S. pneumoniae,Ampicillin,16,1,-0.021,89.542,Fixed
S. pneumoniae,Ampicillin,0.03,1,0.166,2.959,Fixed
S. pneumoniae,Ampicillin,0.06,1,0.156,15.976,Fixed
S. pneumoniae,Ampicillin,0.13,1,0.115,19.527,Fixed
S. pneumoniae,Ampicillin,0.25,1,0.015,57.988,Fixed
S. pneumoniae,Ampicillin,0.5,1,-0.004,91.716,Fixed
S. pneumoniae,Ampicillin,1,1,-0.007,89.941,Fixed
S. pneumoniae,Ampicillin,2,1,-0.008,98.817,Fixed
S. pneumoniae,Ampicillin,4,1,-0.008,95.266,Fixed
S. pneumoniae,Ampicillin,8,1,-0.016,94.083,Fixed
S. pneumoniae,Ampicillin,16,1,-0.008,92.899,Fixed
S. pneumoniae,Ampicillin,0.03,1,0.178,5.698,Fixed
S. pneumoniae,Ampicillin,0.06,1,0.161,12.907,Fixed
S. pneumoniae,Ampicillin,0.13,1,0.143,42.442,Fixed
S. pneumoniae,Ampicillin,0.25,1,0.032,55.814,Fixed
S. pneumoniae,Ampicillin,0.5,1,0,97.093,Fixed
S. pneumoniae,Ampicillin,1,1,-0.003,99.419,Fixed
S. pneumoniae,Ampicillin,2,1,-0.009,95.93,Fixed
S. pneumoniae,Ampicillin,4,1,-0.018,94.767,Fixed
S. pneumoniae,Ampicillin,8,1,-0.004,97.093,Fixed
S. pneumoniae,Ampicillin,16,1,-0.005,91.279,Fixed
S. pneumoniae,Ampicillin,0.03,2,0.253333333,7.876712329,Fixed
S. pneumoniae,Ampicillin,0.06,2,0.229,10.61643836,Fixed
S. pneumoniae,Ampicillin,0.13,2,0.156,24.65753425,Fixed
S. pneumoniae,Ampicillin,0.25,2,0.0315,76.71232877,Fixed
S. pneumoniae,Ampicillin,0.5,2,-0.025,93.15068493,Fixed
S. pneumoniae,Ampicillin,1,2,-0.0215,103.4246575,Fixed
S. pneumoniae,Ampicillin,2,2,-0.023,106.8493151,Fixed
S. pneumoniae,Ampicillin,4,2,-0.02,104.7945205,Fixed
S. pneumoniae,Ampicillin,8,2,-0.0225,103.4246575,Fixed
S. pneumoniae,Ampicillin,16,2,-0.028,102.739726,Fixed
S. pneumoniae,Ampicillin,0.03,2,0.231,23.68421053,Fixed
S. pneumoniae,Ampicillin,0.06,2,0.22,15.13157895,Fixed
S. pneumoniae,Ampicillin,0.13,2,0.154,33.55263158,Fixed
S. pneumoniae,Ampicillin,0.25,2,0.023,62.5,Fixed
S. pneumoniae,Ampicillin,0.5,2,-0.034,92.76315789,Fixed
S. pneumoniae,Ampicillin,1,2,-0.025,92.76315789,Fixed
S. pneumoniae,Ampicillin,2,2,-0.022,89.80263158,Fixed
S. pneumoniae,Ampicillin,4,2,-0.022,89.14473684,Fixed
S. pneumoniae,Ampicillin,8,2,-0.021,92.76315789,Fixed
S. pneumoniae,Ampicillin,16,2,-0.036,90.13157895,Fixed
S. pneumoniae,Ampicillin,0.03,2,0.279,24.50980392,Fixed
S. pneumoniae,Ampicillin,0.06,2,0.237,33.66013072,Fixed
S. pneumoniae,Ampicillin,0.13,2,0.158,29.41176471,Fixed
S. pneumoniae,Ampicillin,0.25,2,0.04,56.20915033,Fixed
S. pneumoniae,Ampicillin,0.5,2,-0.016,86.2745098,Fixed
S. pneumoniae,Ampicillin,1,2,-0.018,84.96732026,Fixed
S. pneumoniae,Ampicillin,2,2,-0.024,88.23529412,Fixed
S. pneumoniae,Ampicillin,4,2,-0.018,88.23529412,Fixed
S. pneumoniae,Ampicillin,8,2,-0.024,90.52287582,Fixed
S. pneumoniae,Ampicillin,16,2,-0.02,89.54248366,Fixed
S. pneumoniae,Ampicillin,0.03,2,0.151,4.142011834,Fixed
S. pneumoniae,Ampicillin,0.06,2,0.141,5.917159763,Fixed
S. pneumoniae,Ampicillin,0.13,2,0.119,12.4260355,Fixed
S. pneumoniae,Ampicillin,0.25,2,0.014,56.21301775,Fixed
S. pneumoniae,Ampicillin,0.5,2,-0.01,84.02366864,Fixed
S. pneumoniae,Ampicillin,1,2,-0.01,79.8816568,Fixed
S. pneumoniae,Ampicillin,2,2,-0.008,89.9408284,Fixed
S. pneumoniae,Ampicillin,4,2,-0.012,83.43195266,Fixed
S. pneumoniae,Ampicillin,8,2,-0.004,90.53254438,Fixed
S. pneumoniae,Ampicillin,16,2,-0.013,94.08284024,Fixed
S. pneumoniae,Ampicillin,0.03,2,0.156,21.51162791,Fixed
S. pneumoniae,Ampicillin,0.06,2,0.156,13.37209302,Fixed
S. pneumoniae,Ampicillin,0.13,2,0.13,33.13953488,Fixed
S. pneumoniae,Ampicillin,0.25,2,0.026,70.93023256,Fixed
S. pneumoniae,Ampicillin,0.5,2,0,97.09302326,Fixed
S. pneumoniae,Ampicillin,1,2,-0.006,98.25581395,Fixed
S. pneumoniae,Ampicillin,2,2,-0.006,95.34883721,Fixed
S. pneumoniae,Ampicillin,4,2,-0.008,92.44186047,Fixed
S. pneumoniae,Ampicillin,8,2,-0.015,92.44186047,Fixed
S. pneumoniae,Ampicillin,16,2,-0.004,90.69767442,Fixed
S. pneumoniae,Ampicillin,0.03,0,0.471,36.914,Fixed
S. pneumoniae,Ampicillin,0.06,0,0.422,36,Fixed
S. pneumoniae,Ampicillin,0.13,0,0.322,59.086,Fixed
S. pneumoniae,Ampicillin,0.25,0,0.083,82.171,Fixed
S. pneumoniae,Ampicillin,0.5,0,0.005,97.6,Fixed
S. pneumoniae,Ampicillin,1,0,0.003,97.486,Fixed
S. pneumoniae,Ampicillin,2,0,0.001,98.171,Fixed
S. pneumoniae,Ampicillin,4,0,-0.003,96.8,Fixed
S. pneumoniae,Ampicillin,8,0,-0.003,98.4,Fixed
S. pneumoniae,Ampicillin,16,0,-0.012,97.714,Fixed
S. pneumoniae,Ampicillin,0.03,0,0.353,21.799,Fixed
S. pneumoniae,Ampicillin,0.06,0,0.302,46.367,Fixed
S. pneumoniae,Ampicillin,0.13,0,0.185,62.976,Fixed
S. pneumoniae,Ampicillin,0.25,0,0.031,86.678,Fixed
S. pneumoniae,Ampicillin,0.5,0,-0.008,95.848,Fixed
S. pneumoniae,Ampicillin,1,0,-0.008,96.713,Fixed
S. pneumoniae,Ampicillin,2,0,-0.01,94.464,Fixed
S. pneumoniae,Ampicillin,4,0,-0.013,94.637,Fixed
S. pneumoniae,Ampicillin,8,0,-0.019,93.945,Fixed
S. pneumoniae,Ampicillin,16,0,-0.027,93.945,Fixed
S. pneumoniae,Ampicillin,0.03,0,0.432,4.114,Fixed
S. pneumoniae,Ampicillin,0.06,0,0.38,17.089,Fixed
S. pneumoniae,Ampicillin,0.13,0,0.295,28.165,Fixed
S. pneumoniae,Ampicillin,0.25,0,0.095,66.139,Fixed
S. pneumoniae,Ampicillin,0.5,0,0.002,90.506,Fixed
S. pneumoniae,Ampicillin,1,0,0.001,93.987,Fixed
S. pneumoniae,Ampicillin,2,0,-0.001,93.671,Fixed
S. pneumoniae,Ampicillin,4,0,-0.005,91.456,Fixed
S. pneumoniae,Ampicillin,8,0,-0.013,91.772,Fixed
S. pneumoniae,Ampicillin,16,0,-0.029,93.038,Fixed
S. pneumoniae,Ampicillin,0.03,0,0.251,18.819,Fixed
S. pneumoniae,Ampicillin,0.06,0,0.259,27.273,Fixed
S. pneumoniae,Ampicillin,0.13,0,0.214,41.974,Fixed
S. pneumoniae,Ampicillin,0.25,0,0.048,20.71,Fixed
S. pneumoniae,Ampicillin,0.5,0,-0.002,86.982,Fixed
S. pneumoniae,Ampicillin,1,0,0.002,89.349,Fixed
S. pneumoniae,Ampicillin,2,0,0,95.266,Fixed
S. pneumoniae,Ampicillin,4,0,-0.004,91.716,Fixed
S. pneumoniae,Ampicillin,8,0,-0.004,90.533,Fixed
S. pneumoniae,Ampicillin,16,0,-0.01,83.432,Fixed
S. pneumoniae,Ampicillin,0.03,0,0.243,12.45,Fixed
S. pneumoniae,Ampicillin,0.06,0,0.233,9.639,Fixed
S. pneumoniae,Ampicillin,0.13,0,0.218,17.671,Fixed
S. pneumoniae,Ampicillin,0.25,0,0.045,57.831,Fixed
S. pneumoniae,Ampicillin,0.5,0,-0.002,90.361,Fixed
S. pneumoniae,Ampicillin,1,0,-0.004,88.353,Fixed
S. pneumoniae,Ampicillin,2,0,-0.004,89.558,Fixed
S. pneumoniae,Ampicillin,4,0,-0.005,92.369,Fixed
S. pneumoniae,Ampicillin,8,0,-0.003,93.574,Fixed
S. pneumoniae,Ampicillin,16,0,-0.014,100.402,Fixed
S. pneumoniae,Ampicillin,0.03,0,0.434,36.797,Fixed
S. pneumoniae,Ampicillin,0.06,0,0.358,55.257,Fixed
S. pneumoniae,Ampicillin,0.13,0,0.242,65.281,Fixed
S. pneumoniae,Ampicillin,0.25,0,0.025,90.098,Fixed
S. pneumoniae,Ampicillin,0.5,0,0.011,95.599,Fixed
S. pneumoniae,Ampicillin,1,0,0.005,97.922,Fixed
S. pneumoniae,Ampicillin,2,0,0.003,96.088,Fixed
S. pneumoniae,Ampicillin,4,0,0.001,96.822,Fixed
S. pneumoniae,Ampicillin,8,0,-0.001,95.355,Fixed
S. pneumoniae,Ampicillin,16,0,-0.01,94.621,Fixed
S. pneumoniae,Ampicillin,0.03,0,0.378,19.697,Fixed
S. pneumoniae,Ampicillin,0.06,0,0.321,5.303,Fixed
S. pneumoniae,Ampicillin,0.13,0,0.237,12.879,Fixed
S. pneumoniae,Ampicillin,0.25,0,0.079,53.03,Fixed
S. pneumoniae,Ampicillin,0.5,0,0.028,92.424,Fixed
S. pneumoniae,Ampicillin,1,0,0.026,82.576,Fixed
S. pneumoniae,Ampicillin,2,0,0.024,81.818,Fixed
S. pneumoniae,Ampicillin,4,0,0.018,81.818,Fixed
S. pneumoniae,Ampicillin,8,0,0.016,75.758,Fixed
S. pneumoniae,Ampicillin,16,0,0.009,79.545,Fixed
S. pneumoniae,Ampicillin,0.03,0,0.406,14.737,Fixed
S. pneumoniae,Ampicillin,0.06,0,0.3395,22.632,Fixed
S. pneumoniae,Ampicillin,0.13,0,0.2395,24.211,Fixed
S. pneumoniae,Ampicillin,0.25,0,0.052,53.684,Fixed
S. pneumoniae,Ampicillin,0.5,0,0.0195,89.474,Fixed
S. pneumoniae,Ampicillin,1,0,0.0155,92.632,Fixed
S. pneumoniae,Ampicillin,2,0,0.0135,91.579,Fixed
S. pneumoniae,Ampicillin,4,0,0.0095,85.263,Fixed
S. pneumoniae,Ampicillin,8,0,0.0075,86.842,Fixed
S. pneumoniae,Ampicillin,16,0,-0.0005,76.842,Fixed
S. pneumoniae,Ampicillin,0.03,0,0.316,-9.932,Fixed
S. pneumoniae,Ampicillin,0.06,0,0.28,-4.11,Fixed
S. pneumoniae,Ampicillin,0.13,0,0.214,23.288,Fixed
S. pneumoniae,Ampicillin,0.25,0,0.082,58.219,Fixed
S. pneumoniae,Ampicillin,0.5,0,-0.005,94.863,Fixed
S. pneumoniae,Ampicillin,1,0,-0.007,100.685,Fixed
S. pneumoniae,Ampicillin,2,0,-0.008,106.164,Fixed
S. pneumoniae,Ampicillin,4,0,-0.006,102.055,Fixed
S. pneumoniae,Ampicillin,8,0,-0.004,100,Fixed
S. pneumoniae,Ampicillin,16,0,-0.013,92.808,Fixed
S. pneumoniae,Ampicillin,0.03,0,0.313,23.684,Fixed
S. pneumoniae,Ampicillin,0.06,0,0.286,28.947,Fixed
S. pneumoniae,Ampicillin,0.13,0,0.218,32.895,Fixed
S. pneumoniae,Ampicillin,0.25,0,0.092,51.974,Fixed
S. pneumoniae,Ampicillin,0.5,0,-0.011,86.842,Fixed
S. pneumoniae,Ampicillin,1,0,-0.01,89.474,Fixed
S. pneumoniae,Ampicillin,2,0,-0.015,86.842,Fixed
S. pneumoniae,Ampicillin,4,0,-0.001,86.184,Fixed
S. pneumoniae,Ampicillin,8,0,-0.012,90.789,Fixed
S. pneumoniae,Ampicillin,16,0,-0.018,88.158,Fixed
S. pneumoniae,Ampicillin,0.03,0,0.352,12.028,Fixed
S. pneumoniae,Ampicillin,0.06,0,0.325,15.055,Fixed
S. pneumoniae,Ampicillin,0.13,0,0.233,32.898,Fixed
S. pneumoniae,Ampicillin,0.25,0,0.122,20.71,Fixed
S. pneumoniae,Ampicillin,0.5,0,0.006,86.982,Fixed
S. pneumoniae,Ampicillin,1,0,0.002,89.349,Fixed
S. pneumoniae,Ampicillin,2,0,0.001,95.266,Fixed
S. pneumoniae,Ampicillin,4,0,-0.008,91.716,Fixed
S. pneumoniae,Ampicillin,8,0,-0.006,90.533,Fixed
S. pneumoniae,Ampicillin,16,0,-0.012,83.432,Fixed
S. pneumoniae,Ampicillin,0.03,0,0.224,21.569,Fixed
S. pneumoniae,Ampicillin,0.06,0,0.213,15.033,Fixed
S. pneumoniae,Ampicillin,0.13,0,0.168,35.294,Fixed
S. pneumoniae,Ampicillin,0.25,0,0.049,59.477,Fixed
S. pneumoniae,Ampicillin,0.5,0,0.002,88.889,Fixed
S. pneumoniae,Ampicillin,1,0,0.003,92.157,Fixed
S. pneumoniae,Ampicillin,2,0,0,95.752,Fixed
S. pneumoniae,Ampicillin,4,0,0,91.503,Fixed
S. pneumoniae,Ampicillin,8,0,0.008,91.503,Fixed
S. pneumoniae,Ampicillin,16,0,-0.005,90.523,Fixed
S. pneumoniae,Ampicillin,0.03,0,0.214,12.791,Fixed
S. pneumoniae,Ampicillin,0.06,0,0.21,20.349,Fixed
S. pneumoniae,Ampicillin,0.13,0,0.162,40.116,Fixed
S. pneumoniae,Ampicillin,0.25,0,0.056,44.767,Fixed
S. pneumoniae,Ampicillin,0.5,0,0.005,90.116,Fixed
S. pneumoniae,Ampicillin,1,0,0.002,94.767,Fixed
S. pneumoniae,Ampicillin,2,0,0.002,92.442,Fixed
S. pneumoniae,Ampicillin,4,0,0,78.488,Fixed
S. pneumoniae,Ampicillin,8,0,0.001,88.953,Fixed
S. pneumoniae,Ampicillin,16,0,-0.006,85.465,Fixed
S. pneumoniae,Ampicillin,0.03,0,0.3595,17.856,Fixed
S. pneumoniae,Ampicillin,0.06,0,0.31275,22.001,Fixed
S. pneumoniae,Ampicillin,0.13,0,0.22875,26.8025,Fixed
S. pneumoniae,Ampicillin,0.25,0,0.072,42.436,Fixed
S. pneumoniae,Ampicillin,0.5,0,0.00425,85.137,Fixed
S. pneumoniae,Ampicillin,1,0,0.00275,88.228,Fixed
S. pneumoniae,Ampicillin,2,0,-0.00075,88.0955,Fixed
S. pneumoniae,Ampicillin,4,0,0.00425,88.95,Fixed
S. pneumoniae,Ampicillin,8,0,-0.00225,90.661,Fixed
S. pneumoniae,Ampicillin,16,0,-0.00925,91.712,Fixed
S. pneumoniae,Ampicillin,0.03,0,0.219,16.2965,Fixed
S. pneumoniae,Ampicillin,0.06,0,0.2115,22.3165,Fixed
S. pneumoniae,Ampicillin,0.13,0,0.165,25.50675,Fixed
S. pneumoniae,Ampicillin,0.25,0,0.0525,48.06,Fixed
S. pneumoniae,Ampicillin,0.5,0,0.0035,87.3055,Fixed
S. pneumoniae,Ampicillin,1,0,0.0025,90.43,Fixed
S. pneumoniae,Ampicillin,2,0,0.001,89.83725,Fixed
S. pneumoniae,Ampicillin,4,0,0,87.1065,Fixed
S. pneumoniae,Ampicillin,8,0,0.0045,88.7515,Fixed
S. pneumoniae,Ampicillin,16,0,-0.0055,84.277,Fixed
P. aeruginosa,Gentamycin,0.03,1,0.804,15.50387597,Fixed
P. aeruginosa,Gentamycin,0.06,1,0.862,17.57105943,Fixed
P. aeruginosa,Gentamycin,0.13,1,0.728,5.857019811,Fixed
P. aeruginosa,Gentamycin,0.25,1,0.976,15.67614126,Fixed
P. aeruginosa,Gentamycin,0.5,1,0.704,5.684754522,Fixed
P. aeruginosa,Gentamycin,1,1,0.922,19.37984496,Fixed
P. aeruginosa,Gentamycin,2,1,0.015,58.22566753,Fixed
P. aeruginosa,Gentamycin,4,1,-0.006,99.56933678,Fixed
P. aeruginosa,Gentamycin,8,1,-0.006,99.39707149,Fixed
P. aeruginosa,Gentamycin,16,1,-0.004,99.56933678,Fixed
P. aeruginosa,Gentamycin,0.03,1,1.08,52.37420269,Fixed
P. aeruginosa,Gentamycin,0.06,1,0.9,54.28773919,Fixed
P. aeruginosa,Gentamycin,0.13,1,0.98,56.90999291,Fixed
P. aeruginosa,Gentamycin,0.25,1,1.11,39.97165131,Fixed
P. aeruginosa,Gentamycin,0.5,1,0.83,50.67328136,Fixed
P. aeruginosa,Gentamycin,1,1,0.93,45.57051736,Fixed
P. aeruginosa,Gentamycin,2,1,0.02,45.9957477,Fixed
P. aeruginosa,Gentamycin,4,1,-0.01,100.1417434,Fixed
P. aeruginosa,Gentamycin,8,1,-0.01,94.40113395,Fixed
P. aeruginosa,Gentamycin,16,1,0,100,Fixed
P. aeruginosa,Gentamycin,0.03,1,1.065,32.9305136,Fixed
P. aeruginosa,Gentamycin,0.06,1,1.066,38.67069486,Fixed
P. aeruginosa,Gentamycin,0.13,1,1.122,34.06344411,Fixed
P. aeruginosa,Gentamycin,0.25,1,1.101,34.29003021,Fixed
P. aeruginosa,Gentamycin,0.5,1,0.853,31.11782477,Fixed
P. aeruginosa,Gentamycin,1,1,0.867,46.37462236,Fixed
P. aeruginosa,Gentamycin,2,1,0.003,90.93655589,Fixed
P. aeruginosa,Gentamycin,4,1,-0.007,98.94259819,Fixed
P. aeruginosa,Gentamycin,8,1,-0.006,99.16918429,Fixed
P. aeruginosa,Gentamycin,16,1,-0.007,98.64048338,Fixed
P. aeruginosa,Gentamycin,0.03,1,1.289,-21.88365651,Fixed
P. aeruginosa,Gentamycin,0.06,1,0.946,-0.831024931,Fixed
P. aeruginosa,Gentamycin,0.13,1,1.29,-26.86980609,Fixed
P. aeruginosa,Gentamycin,0.25,1,1.32,-45.15235457,Fixed
P. aeruginosa,Gentamycin,0.5,1,1.186,-54.57063712,Fixed
P. aeruginosa,Gentamycin,1,1,1.155,-45.15235457,Fixed
P. aeruginosa,Gentamycin,2,1,-0.001,100,Fixed
P. aeruginosa,Gentamycin,4,1,-0.002,100,Fixed
P. aeruginosa,Gentamycin,8,1,-0.003,99.44598338,Fixed
P. aeruginosa,Gentamycin,16,1,-0.004,98.61495845,Fixed
P. aeruginosa,Gentamycin,0.03,1,1.252,3.341902314,Fixed
P. aeruginosa,Gentamycin,0.06,1,1,9.254498715,Fixed
P. aeruginosa,Gentamycin,0.13,1,1.066,-3.598971722,Fixed
P. aeruginosa,Gentamycin,0.25,1,1.106,-6.16966581,Fixed
P. aeruginosa,Gentamycin,0.5,1,0.93,-15.42416452,Fixed
P. aeruginosa,Gentamycin,1,1,0.882,-29.04884319,Fixed
P. aeruginosa,Gentamycin,2,1,0.024,13.11053985,Fixed
P. aeruginosa,Gentamycin,4,1,-0.002,97.1722365,Fixed
P. aeruginosa,Gentamycin,8,1,-0.002,98.32904884,Fixed
P. aeruginosa,Gentamycin,16,1,0,97.1722365,Fixed
P. aeruginosa,Gentamycin,0.03,2,0.714,47.11455642,Fixed
P. aeruginosa,Gentamycin,0.06,2,0.616,43.23858742,Fixed
P. aeruginosa,Gentamycin,0.13,2,0.648,31.5245478,Fixed
P. aeruginosa,Gentamycin,0.25,2,0.576,45.30577089,Fixed
P. aeruginosa,Gentamycin,0.5,2,1.005,49.00947459,Fixed
P. aeruginosa,Gentamycin,1,2,0.704,52.11024978,Fixed
P. aeruginosa,Gentamycin,2,2,0.004,95.5211025,Fixed
P. aeruginosa,Gentamycin,4,2,-0.006,99.2248062,Fixed
P. aeruginosa,Gentamycin,8,2,-0.006,99.39707149,Fixed
P. aeruginosa,Gentamycin,16,2,-0.006,99.05254091,Fixed
P. aeruginosa,Gentamycin,0.03,2,1.066,69.80864635,Fixed
P. aeruginosa,Gentamycin,0.06,2,0.808,71.93479802,Fixed
P. aeruginosa,Gentamycin,0.13,2,0.949,75.76187101,Fixed
P. aeruginosa,Gentamycin,0.25,2,0.728,66.97377746,Fixed
P. aeruginosa,Gentamycin,0.5,2,1.137,67.82423813,Fixed
P. aeruginosa,Gentamycin,1,2,0.704,65.98157335,Fixed
P. aeruginosa,Gentamycin,2,2,0.004,85.54216867,Fixed
P. aeruginosa,Gentamycin,4,2,-0.006,98.79518072,Fixed
P. aeruginosa,Gentamycin,8,2,0.002,98.36995039,Fixed
P. aeruginosa,Gentamycin,16,2,-0.008,100,Fixed
P. aeruginosa,Gentamycin,0.03,2,0.884,54.22960725,Fixed
P. aeruginosa,Gentamycin,0.06,2,1.115,57.70392749,Fixed
P. aeruginosa,Gentamycin,0.13,2,0.843,51.66163142,Fixed
P. aeruginosa,Gentamycin,0.25,2,0.933,51.58610272,Fixed
P. aeruginosa,Gentamycin,0.5,2,0.947,59.74320242,Fixed
P. aeruginosa,Gentamycin,1,2,0.748,45.77039275,Fixed
P. aeruginosa,Gentamycin,2,2,0.66,45.92344549,Fixed
P. aeruginosa,Gentamycin,4,2,-0.003,98.03625378,Fixed
P. aeruginosa,Gentamycin,8,2,-0.005,98.56495468,Fixed
P. aeruginosa,Gentamycin,16,2,-0.007,98.56495468,Fixed
P. aeruginosa,Gentamycin,0.03,2,1.03,34.90304709,Fixed
P. aeruginosa,Gentamycin,0.06,2,1.214,49.58448753,Fixed
P. aeruginosa,Gentamycin,0.13,2,1.314,15.23545706,Fixed
P. aeruginosa,Gentamycin,0.25,2,1.156,14.8199446,Fixed
P. aeruginosa,Gentamycin,0.5,2,1.164,3.462603878,Fixed
P. aeruginosa,Gentamycin,1,2,0.815,-54.57063712,Fixed
P. aeruginosa,Gentamycin,2,2,0.022,0.831024931,Fixed
P. aeruginosa,Gentamycin,4,2,-0.002,99.16897507,Fixed
P. aeruginosa,Gentamycin,8,2,-0.004,98.06094183,Fixed
P. aeruginosa,Gentamycin,16,2,-0.004,97.50692521,Fixed
P. aeruginosa,Gentamycin,0.03,2,1.078,57.58354756,Fixed
P. aeruginosa,Gentamycin,0.06,2,1.338,53.72750643,Fixed
P. aeruginosa,Gentamycin,0.13,2,1.32,47.42930591,Fixed
P. aeruginosa,Gentamycin,0.25,2,0.86,28.92030848,Fixed
P. aeruginosa,Gentamycin,0.5,2,1.028,29.3059126,Fixed
P. aeruginosa,Gentamycin,1,2,0.795,3.856041131,Fixed
P. aeruginosa,Gentamycin,2,2,0.028,1.799485861,Fixed
P. aeruginosa,Gentamycin,4,2,-0.001,98.07197943,Fixed
P. aeruginosa,Gentamycin,8,2,-0.002,97.68637532,Fixed
P. aeruginosa,Gentamycin,16,2,0,96.9151671,Fixed
P. aeruginosa,Gentamycin,0.06,0,0.762,-3.922,Fixed
P. aeruginosa,Gentamycin,0.13,0,0.89,-22.331,Fixed
P. aeruginosa,Gentamycin,0.25,0,0.927,-48.802,Fixed
P. aeruginosa,Gentamycin,0.5,0,1.046,-37.582,Fixed
P. aeruginosa,Gentamycin,1,0,0.871,-59.041,Fixed
P. aeruginosa,Gentamycin,2,0,0.002,93.464,Fixed
P. aeruginosa,Gentamycin,4,0,0.003,96.187,Fixed
P. aeruginosa,Gentamycin,8,0,0,100,Fixed
P. aeruginosa,Gentamycin,16,0,0,100,Fixed
P. aeruginosa,Gentamycin,0.06,0,0.76,-23.67,Fixed
P. aeruginosa,Gentamycin,0.13,0,0.72,-43.64,Fixed
P. aeruginosa,Gentamycin,0.25,0,0.73,-61.54,Fixed
P. aeruginosa,Gentamycin,0.5,0,1.04,-56.21,Fixed
P. aeruginosa,Gentamycin,1,0,0.86,-83.28,Fixed
P. aeruginosa,Gentamycin,2,0,0.01,75.15,Fixed
P. aeruginosa,Gentamycin,4,0,0,98.82,Fixed
P. aeruginosa,Gentamycin,8,0,0,99.41,Fixed
P. aeruginosa,Gentamycin,16,0,-0.01,98.82,Fixed
P. aeruginosa,Gentamycin,0.06,0,0.8,-8.735,Fixed
P. aeruginosa,Gentamycin,0.13,0,0.847,3.078,Fixed
P. aeruginosa,Gentamycin,0.25,0,0.738,-12.396,Fixed
P. aeruginosa,Gentamycin,0.5,0,0.779,3.993,Fixed
P. aeruginosa,Gentamycin,1,0,0.968,-7.571,Fixed
P. aeruginosa,Gentamycin,2,0,0.038,18.719,Fixed
P. aeruginosa,Gentamycin,4,0,-0.003,99.085,Fixed
P. aeruginosa,Gentamycin,8,0,-0.004,99.002,Fixed
P. aeruginosa,Gentamycin,16,0,-0.005,99.002,Fixed
P. aeruginosa,Gentamycin,0.06,0,0.8,-12.248,Fixed
P. aeruginosa,Gentamycin,0.13,0,0.8,-67.564,Fixed
P. aeruginosa,Gentamycin,0.25,0,0.85,-59.354,Fixed
P. aeruginosa,Gentamycin,0.5,0,0.92,-80.35,Fixed
P. aeruginosa,Gentamycin,1,0,1.34,-10.363,Fixed
P. aeruginosa,Gentamycin,2,0,0.1,-9.69,Fixed
P. aeruginosa,Gentamycin,4,0,0,98.654,Fixed
P. aeruginosa,Gentamycin,8,0,0,97.981,Fixed
P. aeruginosa,Gentamycin,16,0,0,98.116,Fixed
P. aeruginosa,Gentamycin,0.03,0,0.707,10.801,Fixed
P. aeruginosa,Gentamycin,0.06,0,0.785,10.558,Fixed
P. aeruginosa,Gentamycin,0.13,0,0.752,-9.587,Fixed
P. aeruginosa,Gentamycin,0.25,0,0.776,1.82,Fixed
P. aeruginosa,Gentamycin,0.5,0,0.773,-25.485,Fixed
P. aeruginosa,Gentamycin,1,0,0.872,-18.083,Fixed
P. aeruginosa,Gentamycin,2,0,0.065,-36.65,Fixed
P. aeruginosa,Gentamycin,4,0,-0.001,98.422,Fixed
P. aeruginosa,Gentamycin,8,0,0,98.18,Fixed
P. aeruginosa,Gentamycin,16,0,-0.003,98.908,Fixed
P. aeruginosa,Gentamycin,0.03,0,0.97,-27.121,Fixed
P. aeruginosa,Gentamycin,0.06,0,0.81,-47.587,Fixed
P. aeruginosa,Gentamycin,0.13,0,0.81,-61.398,Fixed
P. aeruginosa,Gentamycin,0.25,0,0.78,-84.027,Fixed
P. aeruginosa,Gentamycin,0.5,0,0.99,-160.566,Fixed
P. aeruginosa,Gentamycin,1,0,0.95,-64.06,Fixed
P. aeruginosa,Gentamycin,2,0,0.09,-190.349,Fixed
P. aeruginosa,Gentamycin,4,0,-0.01,97.005,Fixed
P. aeruginosa,Gentamycin,8,0,0,80.865,Fixed
P. aeruginosa,Gentamycin,16,0,-0.01,96.672,Fixed
P. aeruginosa,Gentamycin,0.03,0,0.79,7.88,Fixed
P. aeruginosa,Gentamycin,0.06,0,0.76,3.28,Fixed
P. aeruginosa,Gentamycin,0.13,0,0.72,-2.74,Fixed
P. aeruginosa,Gentamycin,0.25,0,0.74,-13.13,Fixed
P. aeruginosa,Gentamycin,0.5,0,0.76,-22.54,Fixed
P. aeruginosa,Gentamycin,1,0,0.97,-30.74,Fixed
P. aeruginosa,Gentamycin,2,0,-0.01,99.45,Fixed
P. aeruginosa,Gentamycin,4,0,-0.01,99.34,Fixed
P. aeruginosa,Gentamycin,8,0,-0.01,99.67,Fixed
P. aeruginosa,Gentamycin,16,0,-0.01,99.34,Fixed
P. aeruginosa,Gentamycin,0.03,0,0.756,-17.571,Fixed
P. aeruginosa,Gentamycin,0.06,0,0.72,-4.651,Fixed
P. aeruginosa,Gentamycin,0.13,0,0.699,-20.5,Fixed
P. aeruginosa,Gentamycin,0.25,0,0.664,-9.216,Fixed
P. aeruginosa,Gentamycin,0.5,0,0.882,-31.783,Fixed
P. aeruginosa,Gentamycin,1,0,0.935,-4.048,Fixed
P. aeruginosa,Gentamycin,2,0,0.142,-42.291,Fixed
P. aeruginosa,Gentamycin,4,0,-0.004,100.086,Fixed
P. aeruginosa,Gentamycin,8,0,-0.005,100.258,Fixed
P. aeruginosa,Gentamycin,16,0,-0.005,100.086,Fixed
P. aeruginosa,Gentamycin,0.03,0,0.78,15.308,Fixed
P. aeruginosa,Gentamycin,0.06,0,0.81,10.276,Fixed
P. aeruginosa,Gentamycin,0.13,0,0.89,10.135,Fixed
P. aeruginosa,Gentamycin,0.25,0,1.09,3.047,Fixed
P. aeruginosa,Gentamycin,0.5,0,0.97,8.505,Fixed
P. aeruginosa,Gentamycin,1,0,0.93,15.167,Fixed
P. aeruginosa,Gentamycin,2,0,0.04,44.437,Fixed
P. aeruginosa,Gentamycin,4,0,-0.01,100.354,Fixed
P. aeruginosa,Gentamycin,8,0,-0.01,100.354,Fixed
P. aeruginosa,Gentamycin,16,0,-0.01,100.071,Fixed
P. aeruginosa,Gentamycin,0.03,0,0.899,-2.946,Fixed
P. aeruginosa,Gentamycin,0.06,0,0.747,-16.918,Fixed
P. aeruginosa,Gentamycin,0.13,0,0.939,-19.411,Fixed
P. aeruginosa,Gentamycin,0.25,0,1.065,-4.758,Fixed
P. aeruginosa,Gentamycin,0.5,0,1.218,1.964,Fixed
P. aeruginosa,Gentamycin,1,0,1.051,10.347,Fixed
P. aeruginosa,Gentamycin,2,0,0.037,27.19,Fixed
P. aeruginosa,Gentamycin,4,0,-0.007,99.094,Fixed
P. aeruginosa,Gentamycin,8,0,-0.005,98.867,Fixed
P. aeruginosa,Gentamycin,16,0,0.01,97.054,Fixed
P. aeruginosa,Gentamycin,0.03,0,0.923,-17.036,Fixed
P. aeruginosa,Gentamycin,0.06,0,0.875,-32.825,Fixed
P. aeruginosa,Gentamycin,0.13,0,0.82,-45.568,Fixed
P. aeruginosa,Gentamycin,0.25,0,0.815,-63.296,Fixed
P. aeruginosa,Gentamycin,0.5,0,0.885,-100.97,Fixed
P. aeruginosa,Gentamycin,1,0,1.008,-119.668,Fixed
P. aeruginosa,Gentamycin,2,0,0.03,-25.208,Fixed
P. aeruginosa,Gentamycin,4,0,-0.001,96.814,Fixed
P. aeruginosa,Gentamycin,8,0,0.006,96.953,Fixed
P. aeruginosa,Gentamycin,16,0,-0.002,98.892,Fixed
P. aeruginosa,Gentamycin,0.03,0,0.9,16.71,Fixed
P. aeruginosa,Gentamycin,0.06,0,0.854,-36.247,Fixed
P. aeruginosa,Gentamycin,0.13,0,0.846,-23.265,Fixed
P. aeruginosa,Gentamycin,0.25,0,0.756,-44.473,Fixed
P. aeruginosa,Gentamycin,0.5,0,1.028,-76.093,Fixed
P. aeruginosa,Gentamycin,1,0,0.934,-50.386,Fixed
P. aeruginosa,Gentamycin,2,0,0.018,85.476,Fixed
P. aeruginosa,Gentamycin,4,0,0.008,99.486,Fixed
P. aeruginosa,Gentamycin,8,0,0.008,101.414,Fixed
P. aeruginosa,Gentamycin,16,0,0,97.301,Fixed
P. aeruginosa,Gentamycin,0.03,0,0.863,-2.721,Fixed
P. aeruginosa,Gentamycin,0.06,0,0.765,-13.0235,Fixed
P. aeruginosa,Gentamycin,0.13,0,0.7545,-20.93525,Fixed
P. aeruginosa,Gentamycin,0.25,0,0.722,-34.16875,Fixed
P. aeruginosa,Gentamycin,0.5,0,0.936,-53.99375,Fixed
P. aeruginosa,Gentamycin,1,0,0.9425,-63.72725,Fixed
P. aeruginosa,Gentamycin,2,0,0.116,23.36775,Fixed
P. aeruginosa,Gentamycin,4,0,-0.007,98.3305,Fixed
P. aeruginosa,Gentamycin,8,0,-0.0025,98.4825,Fixed
P. aeruginosa,Gentamycin,16,0,-0.0075,99.29875,Fixed
P. aeruginosa,Gentamycin,0.03,0,0.84225,-6.787666667,Fixed
P. aeruginosa,Gentamycin,0.06,0,0.77625,-18.78408333,Fixed
P. aeruginosa,Gentamycin,0.13,0,0.788375,-27.67904167,Fixed
P. aeruginosa,Gentamycin,0.25,0,0.814,-42.47845833,Fixed
P. aeruginosa,Gentamycin,0.5,0,0.9445,-71.75579167,Fixed
P. aeruginosa,Gentamycin,1,0,0.939375,-63.78270833,Fixed
P. aeruginosa,Gentamycin,2,0,0.097,-12.25170833,Fixed
P. aeruginosa,Gentamycin,4,0,-0.00775,98.10958333,Fixed
P. aeruginosa,Gentamycin,8,0,-0.004375,95.54625,Fixed
P. aeruginosa,Gentamycin,16,0,-0.008125,98.86095833,Fixed
P. aeruginosa,Gentamycin,0.03,0,0.819708333,-3.783666667,Fixed
P. aeruginosa,Gentamycin,0.06,0,0.777708333,-14.6558,Fixed
P. aeruginosa,Gentamycin,0.13,0,0.7823125,-22.45906667,Fixed
P. aeruginosa,Gentamycin,0.25,0,0.807666667,-36.37313333,Fixed
P. aeruginosa,Gentamycin,0.5,0,0.915916667,-62.7812,Fixed
P. aeruginosa,Gentamycin,1,0,0.928145833,-48.87626667,Fixed
P. aeruginosa,Gentamycin,2,0,0.091666667,-6.422066667,Fixed
P. aeruginosa,Gentamycin,4,0,-0.006625,98.4698,Fixed
P. aeruginosa,Gentamycin,8,0,-0.003645833,95.36686667,Fixed
P. aeruginosa,Gentamycin,16,0,-0.007270833,98.88186667,Fixed
S. pneumoniae,Ampicillin,0.03,0.03,0.444,40.098,Variable
S. pneumoniae,Ampicillin,0.06,0.05,0.371,55.012,Variable
S. pneumoniae,Ampicillin,0.13,0.1,0.2,59.902,Variable
S. pneumoniae,Ampicillin,0.25,0.2,0.018,89.242,Variable
S. pneumoniae,Ampicillin,0.5,0.4,0.007,95.599,Variable
S. pneumoniae,Ampicillin,1,0.8,0.002,97.066,Variable
S. pneumoniae,Ampicillin,2,1.6,0.001,96.577,Variable
S. pneumoniae,Ampicillin,4,3.1,0,95.355,Variable
S. pneumoniae,Ampicillin,8,6.3,0,94.377,Variable
S. pneumoniae,Ampicillin,16,12.5,-0.011,93.643,Variable
S. pneumoniae,Ampicillin,0.03,0.03,0.36,6.061,Variable
S. pneumoniae,Ampicillin,0.06,0.05,0.299,18.939,Variable
S. pneumoniae,Ampicillin,0.13,0.1,0.236,19.697,Variable
S. pneumoniae,Ampicillin,0.25,0.2,0.064,56.061,Variable
S. pneumoniae,Ampicillin,0.5,0.4,0.028,80.303,Variable
S. pneumoniae,Ampicillin,1,0.8,0.027,77.273,Variable
S. pneumoniae,Ampicillin,2,1.6,0.022,77.273,Variable
S. pneumoniae,Ampicillin,4,3.1,0.022,79.545,Variable
S. pneumoniae,Ampicillin,8,6.3,0.011,77.273,Variable
S. pneumoniae,Ampicillin,16,12.5,0.003,74.242,Variable
S. pneumoniae,Ampicillin,0.03,0.03,0.287,21.053,Variable
S. pneumoniae,Ampicillin,0.06,0.05,0.2545,17.368,Variable
S. pneumoniae,Ampicillin,0.13,0.1,0.199,13.158,Variable
S. pneumoniae,Ampicillin,0.25,0.2,0.06,65.789,Variable
S. pneumoniae,Ampicillin,0.5,0.4,0.0165,93.684,Variable
S. pneumoniae,Ampicillin,1,0.8,0.0145,95.263,Variable
S. pneumoniae,Ampicillin,2,1.6,0.012,89.474,Variable
S. pneumoniae,Ampicillin,4,3.1,0.011,89.474,Variable
S. pneumoniae,Ampicillin,8,6.3,0.006,88.947,Variable
S. pneumoniae,Ampicillin,16,12.5,-0.0015,81.053,Variable
S. pneumoniae,Ampicillin,0,0.05,0.523,25.029,Variable
S. pneumoniae,Ampicillin,0,0.1,0.51,12.686,Variable
S. pneumoniae,Ampicillin,0,0.2,0.463,21.371,Variable
S. pneumoniae,Ampicillin,0,0.4,0.445,0.571,Variable
S. pneumoniae,Ampicillin,0,0.8,0.427,19.771,Variable
S. pneumoniae,Ampicillin,0,1.6,0.375,17.943,Variable
S. pneumoniae,Ampicillin,0,3.1,0.267,50.857,Variable
S. pneumoniae,Ampicillin,0,6.3,0.137,69.6,Variable
S. pneumoniae,Ampicillin,0,12.5,0.001,98.857,Variable
S. pneumoniae,Ampicillin,0,25,-0.003,97.257,Variable
S. pneumoniae,Ampicillin,0,0.05,0.403,10.9,Variable
S. pneumoniae,Ampicillin,0,0.1,0.425,4.135,Variable
S. pneumoniae,Ampicillin,0,0.2,0.403,5.325,Variable
S. pneumoniae,Ampicillin,0,0.4,0.399,2.069,Variable
S. pneumoniae,Ampicillin,0,0.8,0.361,4.9654,Variable
S. pneumoniae,Ampicillin,0,1.6,0.298,5.19,Variable
S. pneumoniae,Ampicillin,0,3.1,0.259,40.83,Variable
S. pneumoniae,Ampicillin,0,6.3,0.143,62.63,Variable
S. pneumoniae,Ampicillin,0,12.5,-0.012,96.713,Variable
S. pneumoniae,Ampicillin,0,25,-0.012,93.599,Variable
S. pneumoniae,Ampicillin,0,0.05,0.462,4.43,Variable
S. pneumoniae,Ampicillin,0,0.1,0.478,3.16,Variable
S. pneumoniae,Ampicillin,0,0.2,0.487,5.7,Variable
S. pneumoniae,Ampicillin,0,0.4,0.506,22.15,Variable
S. pneumoniae,Ampicillin,0,0.8,0.486,0.63,Variable
S. pneumoniae,Ampicillin,0,1.6,0.423,3.8,Variable
S. pneumoniae,Ampicillin,0,3.1,0.353,27.53,Variable
S. pneumoniae,Ampicillin,0,6.3,0.254,17.72,Variable
S. pneumoniae,Ampicillin,0,12.5,-0.004,94.3,Variable
S. pneumoniae,Ampicillin,0,25,0.003,94.08,Variable
S. pneumoniae,Ampicillin,0,0.05,0.3,2.96,Variable
S. pneumoniae,Ampicillin,0,0.1,0.305,-4.14,Variable
S. pneumoniae,Ampicillin,0,0.2,0.3,15.98,Variable
S. pneumoniae,Ampicillin,0,0.4,0.295,-5.92,Variable
S. pneumoniae,Ampicillin,0,0.8,0.289,19.53,Variable
S. pneumoniae,Ampicillin,0,1.6,0.292,12.43,Variable
S. pneumoniae,Ampicillin,0,3.1,0.302,57.99,Variable
S. pneumoniae,Ampicillin,0,6.3,0.244,84.02,Variable
S. pneumoniae,Ampicillin,0,12.5,0.001,92.8994083,Variable
S. pneumoniae,Ampicillin,0,25,0.018,91.72,Variable
S. pneumoniae,Ampicillin,0,0.05,0.294,5.379,Variable
S. pneumoniae,Ampicillin,0,0.1,0.296,-7.41,Variable
S. pneumoniae,Ampicillin,0,0.2,0.298,3.365,Variable
S. pneumoniae,Ampicillin,0,0.4,0.29,-0.816,Variable
S. pneumoniae,Ampicillin,0,0.8,0.284,-2.431,Variable
S. pneumoniae,Ampicillin,0,1.6,0.275,8.412,Variable
S. pneumoniae,Ampicillin,0,3.1,0.272,56.213,Variable
S. pneumoniae,Ampicillin,0,6.3,0.18,79.882,Variable
S. pneumoniae,Ampicillin,0,12.5,0.011,95.266,Variable
S. pneumoniae,Ampicillin,0,25,0.03,98.817,Variable
S. pneumoniae,Ampicillin,0,0.05,0.289,7.848,Variable
S. pneumoniae,Ampicillin,0,0.1,0.282,1.874,Variable
S. pneumoniae,Ampicillin,0,0.2,0.279,-6.426,Variable
S. pneumoniae,Ampicillin,0,0.4,0.27,4.819,Variable
S. pneumoniae,Ampicillin,0,0.8,0.264,2.41,Variable
S. pneumoniae,Ampicillin,0,1.6,0.253,1.606,Variable
S. pneumoniae,Ampicillin,0,3.1,0.289,8.434,Variable
S. pneumoniae,Ampicillin,0,6.3,0.226,-6.024,Variable
S. pneumoniae,Ampicillin,0,12.5,-0.007,97.992,Variable
S. pneumoniae,Ampicillin,0,25,0.008,91.566,Variable
S. pneumoniae,Ampicillin,0,0.05,0.276,-1.6064257,Variable
S. pneumoniae,Ampicillin,0,0.1,0.288,2.81124498,Variable
S. pneumoniae,Ampicillin,0,0.2,0.29,-8.0321285,Variable
S. pneumoniae,Ampicillin,0,0.4,0.29,-3.6144578,Variable
S. pneumoniae,Ampicillin,0,0.8,0.278,-9.6385542,Variable
S. pneumoniae,Ampicillin,0,1.6,0.27,5.62248996,Variable
S. pneumoniae,Ampicillin,0,3.1,0.286,-2.811245,Variable
S. pneumoniae,Ampicillin,0,6.3,0.206,0.40160643,Variable
S. pneumoniae,Ampicillin,0,12.5,0,93.1726908,Variable
S. pneumoniae,Ampicillin,0,25,0.014,90.3614458,Variable
P. aeruginosa,Gentamycin,0.03,0.03,0.897,-13.714,Variable
P. aeruginosa,Gentamycin,0.06,0.05,0.806,-23.908,Variable
P. aeruginosa,Gentamycin,0.13,0.1,0.767,-11.044,Variable
P. aeruginosa,Gentamycin,0.25,0.2,1.011,-31.068,Variable
P. aeruginosa,Gentamycin,0.5,0.4,1.199,-7.403,Variable
P. aeruginosa,Gentamycin,1,0.8,0.433,-134.587,Variable
P. aeruginosa,Gentamycin,2,1.6,-0.001,91.141,Variable
P. aeruginosa,Gentamycin,4,3.1,-0.003,98.544,Variable
P. aeruginosa,Gentamycin,8,6.3,-0.003,98.18,Variable
P. aeruginosa,Gentamycin,16,12.5,-0.003,97.694,Variable
P. aeruginosa,Gentamycin,0.03,0.03,0.93,-57.737,Variable
P. aeruginosa,Gentamycin,0.06,0.05,0.87,-65.724,Variable
P. aeruginosa,Gentamycin,0.13,0.1,0.78,-99.002,Variable
P. aeruginosa,Gentamycin,0.25,0.2,0.75,-82.03,Variable
P. aeruginosa,Gentamycin,0.5,0.4,0.77,-115.308,Variable
P. aeruginosa,Gentamycin,1,0.8,0.82,-104.659,Variable
P. aeruginosa,Gentamycin,2,1.6,0,78.702,Variable
P. aeruginosa,Gentamycin,4,3.1,0,86.855,Variable
P. aeruginosa,Gentamycin,8,6.3,-0.01,96.506,Variable
P. aeruginosa,Gentamycin,16,12.5,-0.01,95.674,Variable
P. aeruginosa,Gentamycin,0.03,0.03,0.85,-21.44,Variable
P. aeruginosa,Gentamycin,0.06,0.05,0.79,-19.69,Variable
P. aeruginosa,Gentamycin,0.13,0.1,0.83,-3.06,Variable
P. aeruginosa,Gentamycin,0.25,0.2,0.82,-11.38,Variable
P. aeruginosa,Gentamycin,0.5,0.4,0.94,9.08,Variable
P. aeruginosa,Gentamycin,1,0.8,0.88,-29.43,Variable
P. aeruginosa,Gentamycin,2,1.6,-0.01,99.78,Variable
P. aeruginosa,Gentamycin,4,3.1,-0.01,98.91,Variable
P. aeruginosa,Gentamycin,8,6.3,-0.01,99.78,Variable
P. aeruginosa,Gentamycin,16,12.5,-0.01,99.56,Variable
P. aeruginosa,Gentamycin,0,0.05,0.845,0.218,Variable
P. aeruginosa,Gentamycin,0,0.1,0.848,-21.569,Variable
P. aeruginosa,Gentamycin,0,0.2,0.83,-12.854,Variable
P. aeruginosa,Gentamycin,0,0.4,0.786,-19.826,Variable
P. aeruginosa,Gentamycin,0,0.8,0.815,-21.786,Variable
P. aeruginosa,Gentamycin,0,1.6,1.142,-7.407,Variable
P. aeruginosa,Gentamycin,0,3.1,1.082,53.595,Variable
P. aeruginosa,Gentamycin,0,6.3,0.496,-268.519,Variable
P. aeruginosa,Gentamycin,0,12.5,0,99.673,Variable
P. aeruginosa,Gentamycin,0,25,-0.001,100,Variable
P. aeruginosa,Gentamycin,0,0.05,1.1,-26.036,Variable
P. aeruginosa,Gentamycin,0,0.1,1.06,5.769,Variable
P. aeruginosa,Gentamycin,0,0.2,1.22,-12.574,Variable
P. aeruginosa,Gentamycin,0,0.4,0.84,-25,Variable
P. aeruginosa,Gentamycin,0,0.8,0.79,-15.68,Variable
P. aeruginosa,Gentamycin,0,1.6,0.88,-34.172,Variable
P. aeruginosa,Gentamycin,0,3.1,1.41,28.402,Variable
P. aeruginosa,Gentamycin,0,6.3,0.55,-270.562,Variable
P. aeruginosa,Gentamycin,0,12.5,-0.01,99.112,Variable
P. aeruginosa,Gentamycin,0,25,-0.01,99.704,Variable
P. aeruginosa,Gentamycin,0,0.05,0.916,-9.151,Variable
P. aeruginosa,Gentamycin,0,0.1,0.803,-3.245,Variable
P. aeruginosa,Gentamycin,0,0.2,0.777,-16.556,Variable
P. aeruginosa,Gentamycin,0,0.4,0.81,-39.351,Variable
P. aeruginosa,Gentamycin,0,0.8,0.854,-4.16,Variable
P. aeruginosa,Gentamycin,0,1.6,0.916,10.982,Variable
P. aeruginosa,Gentamycin,0,3.1,0.861,41.348,Variable
P. aeruginosa,Gentamycin,0,6.3,0.556,-255,Variable
P. aeruginosa,Gentamycin,0,12.5,-0.003,98.835,Variable
P. aeruginosa,Gentamycin,0,25,-0.003,98.669,Variable
P. aeruginosa,Gentamycin,0,0.05,0.947,-39.704,Variable
P. aeruginosa,Gentamycin,0,0.1,0.908,-29.61,Variable
P. aeruginosa,Gentamycin,0,0.2,0.969,-56.931,Variable
P. aeruginosa,Gentamycin,0,0.4,1.242,-16.958,Variable
P. aeruginosa,Gentamycin,0,0.8,1.35,-41.05,Variable
P. aeruginosa,Gentamycin,0,1.6,1.292,10.902,Variable
P. aeruginosa,Gentamycin,0,3.1,0.999,34.859,Variable
P. aeruginosa,Gentamycin,0,6.3,0.579,-268.641,Variable
P. aeruginosa,Gentamycin,0,12.5,-0.002,97.847,Variable
P. aeruginosa,Gentamycin,0,25,0,98.654,Variable
P. aeruginosa,Gentamycin,0,0.05,0.862,-1.211,Variable
P. aeruginosa,Gentamycin,0,0.1,0.932,-20.861,Variable
P. aeruginosa,Gentamycin,0,0.2,1.022,-32.84,Variable
P. aeruginosa,Gentamycin,0,0.4,1.162,-16.958,Variable
P. aeruginosa,Gentamycin,0,0.8,1.258,-3.634,Variable
P. aeruginosa,Gentamycin,0,1.6,1.532,11.709,Variable
P. aeruginosa,Gentamycin,0,3.1,0.981,47.241,Variable
P. aeruginosa,Gentamycin,0,6.3,0.597,-278.062,Variable
P. aeruginosa,Gentamycin,0,12.5,-0.002,97.443,Variable
P. aeruginosa,Gentamycin,0,25,0,97.847,Variable
P. aeruginosa,Gentamycin,0,0.05,1.024,15.509,Variable
P. aeruginosa,Gentamycin,0,0.1,0.91,-13.772,Variable
P. aeruginosa,Gentamycin,0,0.2,1.025,-16.005,Variable
P. aeruginosa,Gentamycin,0,0.4,1.179,-3.846,Variable
P. aeruginosa,Gentamycin,0,0.8,1.394,-4.218,Variable
P. aeruginosa,Gentamycin,0,1.6,1.537,17.618,Variable
P. aeruginosa,Gentamycin,0,3.1,1.038,43.424,Variable
P. aeruginosa,Gentamycin,0,6.3,0.612,-264.888,Variable
P. aeruginosa,Gentamycin,0,12.5,-0.002,98.759,Variable
P. aeruginosa,Gentamycin,0,25,-0.002,98.511,Variable
P. aeruginosa,Gentamycin,0,0.05,0.961,15.012,Variable
P. aeruginosa,Gentamycin,0,0.1,0.978,3.102,Variable
P. aeruginosa,Gentamycin,0,0.2,1.102,-2.357,Variable
P. aeruginosa,Gentamycin,0,0.4,1.064,-3.846,Variable
P. aeruginosa,Gentamycin,0,0.8,1.28,-2.109,Variable
P. aeruginosa,Gentamycin,0,1.6,1.445,25.682,Variable
P. aeruginosa,Gentamycin,0,3.1,0.95,41.191,Variable
P. aeruginosa,Gentamycin,0,6.3,0.581,-227.667,Variable
P. aeruginosa,Gentamycin,0,12.5,-0.002,97.767,Variable
P. aeruginosa,Gentamycin,0,25,-0.001,97.395,Variable